,name,geometry,boundary
0,Sector 26,"POLYGON ((77.0937546 28.478914, 77.0943153 28.4797448, 77.094632 28.4814775, 77.094807 28.4827111, 77.0951416 28.4850694, 77.0973411 28.483764, 77.0984918 28.4829639, 77.0991756 28.4825278, 77.0995605 28.4822317, 77.1003934 28.4818535, 77.1046912 28.4819958, 77.1074592 28.4823919, 77.1080804 28.4823382, 77.109443 28.4819138, 77.1099687 28.4813763, 77.1098185 28.4804144, 77.1097005 28.4797825, 77.1096468 28.4789998, 77.1105803 28.4748691, 77.1106768 28.4743976, 77.1105695 28.4738694, 77.1102691 28.473247, 77.1096576 28.4722284, 77.1091437 28.4714239, 77.1090138 28.4704082, 77.109046 28.4692859, 77.1082521 28.4685031, 77.1079869 28.4679478, 77.1067522 28.4689558, 77.1042807 28.4707979, 77.101991 28.4734047, 77.1015129 28.473832, 77.0988451 28.4757718, 77.0985271 28.4760027, 77.0966183 28.4773679, 77.0939123 28.4788697, 77.0937546 28.478914))",administrative
1,Sector 14,"POLYGON ((77.033792 28.4638508, 77.0378622 28.4683624, 77.0429769 28.47403, 77.0463887 28.4778778, 77.0490452 28.4809201, 77.0494004 28.4814748, 77.0499937 28.4800444, 77.0534223 28.4758626, 77.0554358 28.4734241, 77.0535205 28.4726016, 77.0524742 28.4722068, 77.0512071 28.4717616, 77.050005 28.471356, 77.0492354 28.4710512, 77.0485843 28.470762, 77.0485234 28.4707445, 77.0458308 28.4697483, 77.0439461 28.4684192, 77.0413474 28.467164, 77.037865 28.465271, 77.0369056 28.4647495, 77.033792 28.4638508))",place
2,Sector 78,"POLYGON ((76.961396 28.37906, 76.970258 28.3835879, 76.970547 28.3838833, 76.9710829 28.3835064, 76.9830167 28.3718906, 76.977904 28.3651204, 76.9751158 28.3634258, 76.9664843 28.3621222, 76.961396 28.37906))",administrative
3,Sector 80,"POLYGON ((76.9568038 28.3765333, 76.961396 28.37906, 76.9664843 28.3621222, 76.9655592 28.3617996, 76.9641586 28.3612242, 76.9616889 28.3624364, 76.9568038 28.3765333))",administrative
4,Sector 45,"POLYGON ((77.0581972 28.4438734, 77.0609578 28.4467663, 77.0640544 28.4500074, 77.0665475 28.4521716, 77.0694092 28.4500905, 77.069658 28.4499095, 77.0718253 28.44891, 77.0724405 28.4486263, 77.0740557 28.4478814, 77.0759032 28.445991, 77.0750649 28.4451105, 77.0679422 28.4375744, 77.0673151 28.4368753, 77.063213 28.4401096, 77.0628643 28.440383, 77.0625573 28.4406232, 77.0623178 28.4408105, 77.0581972 28.4438734))",administrative
5,Sector 28,"POLYGON ((77.0715635 28.478064, 77.0783113 28.4789987, 77.0797363 28.4791961, 77.0817193 28.4794708, 77.0874271 28.4803435, 77.0891544 28.4802629, 77.0934352 28.48114, 77.094632 28.4814775, 77.0943153 28.4797448, 77.0937546 28.478914, 77.0938061 28.4779298, 77.0939151 28.4719411, 77.0939645 28.4713108, 77.0940064 28.4703349, 77.0940191 28.4699817, 77.0943485 28.4679685, 77.0917781 28.4679831, 77.0881372 28.4680038, 77.086146 28.4680042, 77.0796633 28.4679529, 77.0741716 28.4679182, 77.07311 28.4679062, 77.0731216 28.4695211, 77.0727393 28.4716173, 77.0725126 28.4728602, 77.072404 28.4734557, 77.0723018 28.4740158, 77.0715635 28.478064))",administrative
6,Sector 17,"POLYGON ((77.0534223 28.4758626, 77.0543391 28.4765275, 77.0547044 28.4772834, 77.0588672 28.4817907, 77.0597041 28.481272, 77.0614416 28.4806769, 77.0629007 28.4803092, 77.0642418 28.4795453, 77.0635986 28.4784523, 77.0637596 28.4772834, 77.0638456 28.4767412, 77.0649386 28.4768981, 77.068271 28.477646, 77.0672907 28.4791774, 77.0655958 28.4793458, 77.0632709 28.4825281, 77.0609084 28.483721, 77.0620074 28.4850655, 77.07042 28.47911, 77.0684495 28.4774587, 77.0614642 28.471959, 77.0590178 28.4700328, 77.0574099 28.4687352, 77.0571194 28.4692788, 77.0570138 28.4703021, 77.0567859 28.4712628, 77.0562147 28.4724471, 77.0554358 28.4734241, 77.0534223 28.4758626))",administrative
7,Sector 25,"POLYGON ((77.0684495 28.4774587, 77.07042 28.47911, 77.0711389 28.4797906, 77.0862237 28.4950144, 77.0865356 28.4943884, 77.0876846 28.4927202, 77.0879743 28.4918244, 77.0881996 28.4910889, 77.0890042 28.4897688, 77.0898571 28.4892103, 77.0903827 28.4888731, 77.0909397 28.4885405, 77.0918386 28.488012, 77.0925233 28.4876094, 77.0933972 28.4872698, 77.0943652 28.4866963, 77.0947991 28.4863301, 77.09517 28.4856695, 77.0951416 28.4850694, 77.094807 28.4827111, 77.094632 28.4814775, 77.0934352 28.48114, 77.0891544 28.4802629, 77.0874271 28.4803435, 77.0817193 28.4794708, 77.0797363 28.4791961, 77.0783113 28.4789987, 77.0715635 28.478064, 77.0684495 28.4774587))",administrative
8,Sector 43,"POLYGON ((77.0741115 28.4588488, 77.0774697 28.4595332, 77.0797831 28.4600504, 77.0809102 28.4603077, 77.081253 28.4603871, 77.0838476 28.4609883, 77.0843453 28.4611143, 77.0895688 28.4622831, 77.0901552 28.4624021, 77.0903326 28.4624286, 77.095257 28.4631626, 77.0957275 28.4615336, 77.0964758 28.4588512, 77.0973362 28.4558624, 77.0974583 28.4554744, 77.0977387 28.4544433, 77.0989669 28.4507692, 77.0994329 28.4494778, 77.0988915 28.449362, 77.0986698 28.449367, 77.0984553 28.4493953, 77.0971195 28.4498764, 77.0967279 28.4499943, 77.0953922 28.4502301, 77.0951239 28.4502537, 77.0921306 28.449999, 77.0880979 28.4498363, 77.0877368 28.4498441, 77.0873294 28.4498528, 77.0868319 28.4498693, 77.0865637 28.4498316, 77.0858019 28.4495344, 77.0830874 28.4484719, 77.081784 28.448044, 77.0794759 28.4473152, 77.0785694 28.4482161, 77.0783132 28.4485864, 77.0742953 28.4543264, 77.0741115 28.4588488))",administrative
9,Sector 24,"POLYGON ((77.0909397 28.4885405, 77.0911929 28.4896466, 77.0954718 28.4962687, 77.0971152 28.4988118, 77.0967118 28.4996859, 77.0930223 28.5020237, 77.0930397 28.502044, 77.0951239 28.5051167, 77.095482 28.5069595, 77.0957528 28.5070803, 77.0976518 28.5048552, 77.1000336 28.5038653, 77.1023081 28.5031016, 77.1037667 28.5024887, 77.1053975 28.5013384, 77.1101397 28.4993961, 77.1124785 28.4984532, 77.119507 28.495139, 77.1176759 28.4869846, 77.1167211 28.4850054, 77.1150614 28.4815648, 77.1143393 28.4817321, 77.109443 28.4819138, 77.1080804 28.4823382, 77.1074592 28.4823919, 77.1046912 28.4819958, 77.1003934 28.4818535, 77.0995605 28.4822317, 77.0991756 28.4825278, 77.0984918 28.4829639, 77.0973411 28.483764, 77.0951416 28.4850694, 77.09517 28.4856695, 77.0947991 28.4863301, 77.0943652 28.4866963, 77.0933972 28.4872698, 77.0925233 28.4876094, 77.0918386 28.488012, 77.0909397 28.4885405))",administrative
10,Sector 25A,"POLYGON ((77.0862237 28.4950144, 77.0864238 28.4952403, 77.0880312 28.4969849, 77.0893749 28.4984433, 77.0916743 28.5009315, 77.0919011 28.5010754, 77.0930223 28.5020237, 77.0967118 28.4996859, 77.0971152 28.4988118, 77.0954718 28.4962687, 77.0911929 28.4896466, 77.0909397 28.4885405, 77.0903827 28.4888731, 77.0898571 28.4892103, 77.0890042 28.4897688, 77.0881996 28.4910889, 77.0879743 28.4918244, 77.0876846 28.4927202, 77.0865356 28.4943884, 77.0862237 28.4950144))",administrative
11,Sector 29,"POLYGON ((77.0574099 28.4687352, 77.0590178 28.4700328, 77.0614642 28.471959, 77.0684495 28.4774587, 77.0715635 28.478064, 77.0723018 28.4740158, 77.072404 28.4734557, 77.0725126 28.4728602, 77.0727393 28.4716173, 77.0731216 28.4695211, 77.07311 28.4679062, 77.073254 28.4670235, 77.0739458 28.461676, 77.0740668 28.4606563, 77.0740865 28.4596576, 77.0741115 28.4588488, 77.0716604 28.4580915, 77.0684497 28.4605473, 77.0639896 28.4639585, 77.0605008 28.4666382, 77.0591825 28.4676332, 77.0584506 28.4679719, 77.0579091 28.4682387, 77.0574099 28.4687352))",administrative
12,Sector 56,"POLYGON ((77.0910767 28.4173299, 77.0910847 28.4178708, 77.0911594 28.4229007, 77.091248 28.4298979, 77.0955925 28.4312887, 77.0962612 28.4314754, 77.1053206 28.4313367, 77.1051935 28.4192579, 77.1011007 28.4182496, 77.097532 28.4172746, 77.0948449 28.4173265, 77.0937117 28.4173275, 77.0910767 28.4173299))",administrative
13,Sector 57,"POLYGON ((77.0648143 28.4205318, 77.0726514 28.427971, 77.0754687 28.4306451, 77.0853328 28.4296677, 77.091248 28.4298979, 77.0911594 28.4229007, 77.0910847 28.4178708, 77.0910767 28.4173299, 77.0896436 28.4169965, 77.0879396 28.416509, 77.0858068 28.4158987, 77.0815928 28.414693, 77.0804928 28.4143783, 77.0795084 28.4140966, 77.0747173 28.4123036, 77.0746581 28.4122793, 77.0685031 28.4175946, 77.0658283 28.4197244, 77.0648143 28.4205318))",administrative
14,Sector 55,"POLYGON ((77.1051935 28.4192579, 77.1053206 28.4313367, 77.1184055 28.4314188, 77.1171395 28.4291922, 77.1155389 28.428181, 77.1100156 28.4226818, 77.1097012 28.4222543, 77.1094987 28.4219924, 77.1093901 28.4218505, 77.1092921 28.4218084, 77.1088321 28.4215879, 77.1080744 28.4212281, 77.1051935 28.4192579))",administrative
15,Sector 42,"POLYGON ((77.095257 28.4631626, 77.0973298 28.4633985, 77.1005321 28.4637629, 77.1056218 28.4641492, 77.1061518 28.4641894, 77.1064017 28.4642701, 77.1064859 28.4644418, 77.1067654 28.4658133, 77.1069143 28.466158, 77.1075184 28.4671508, 77.1076447 28.4673583, 77.1079869 28.4679478, 77.108535 28.4671895, 77.1094849 28.4666436, 77.1096508 28.4665482, 77.1111314 28.4663029, 77.1139852 28.4665293, 77.1144788 28.4662841, 77.1216027 28.4556446, 77.1217636 28.4533548, 77.1220533 28.4492302, 77.1192638 28.4493245, 77.1172468 28.4492302, 77.114323 28.4496535, 77.1138616 28.4497203, 77.1134349 28.4498087, 77.1106121 28.4503933, 77.1104549 28.4503982, 77.1088097 28.4504499, 77.1065637 28.4501085, 77.1021715 28.449894, 77.0994329 28.4494778, 77.0989669 28.4507692, 77.0977387 28.4544433, 77.0974583 28.4554744, 77.0973362 28.4558624, 77.0964758 28.4588512, 77.0957275 28.4615336, 77.095257 28.4631626))",administrative
16,Sector 54,"POLYGON ((77.0994329 28.4494778, 77.1021715 28.449894, 77.1065637 28.4501085, 77.1088097 28.4504499, 77.1104549 28.4503982, 77.1106121 28.4503933, 77.1134349 28.4498087, 77.1138616 28.4497203, 77.114323 28.4496535, 77.1172468 28.4492302, 77.1192638 28.4493245, 77.1220533 28.4492302, 77.1216242 28.4373625, 77.1220533 28.4362304, 77.1184055 28.4314188, 77.1053206 28.4313367, 77.1035925 28.4372842, 77.1026688 28.4397409, 77.1026464 28.4398013, 77.1012851 28.4434208, 77.0999528 28.4478306, 77.0996273 28.448841, 77.0994329 28.4494778))",administrative
17,Sector 52A,"POLYGON ((77.0794759 28.4473152, 77.081784 28.448044, 77.0830874 28.4484719, 77.0858019 28.4495344, 77.0865637 28.4498316, 77.0868319 28.4498693, 77.0873294 28.4498528, 77.0877368 28.4498441, 77.0876834 28.4491056, 77.0887455 28.4465303, 77.0905373 28.4431813, 77.0918784 28.4414078, 77.0936057 28.4374077, 77.094346 28.4349265, 77.0955925 28.4312887, 77.091248 28.4298979, 77.0913054 28.4308836, 77.0903592 28.4359516, 77.090155 28.4371703, 77.0897013 28.4381641, 77.0892083 28.4388676, 77.0881306 28.4399987, 77.0863124 28.4414772, 77.084469 28.4427548, 77.0837952 28.443534, 77.0834464 28.4437731, 77.0812837 28.4458395, 77.0806293 28.4463884, 77.0794759 28.4473152))",administrative
18,Sector 53,"POLYGON ((77.0877368 28.4498441, 77.0880979 28.4498363, 77.0921306 28.449999, 77.0951239 28.4502537, 77.0953922 28.4502301, 77.0967279 28.4499943, 77.0971195 28.4498764, 77.0984553 28.4493953, 77.0986698 28.449367, 77.0988915 28.449362, 77.0994329 28.4494778, 77.0996273 28.448841, 77.0999528 28.4478306, 77.1012851 28.4434208, 77.1026464 28.4398013, 77.1026688 28.4397409, 77.1035925 28.4372842, 77.1053206 28.4313367, 77.0962612 28.4314754, 77.0955925 28.4312887, 77.094346 28.4349265, 77.0936057 28.4374077, 77.0918784 28.4414078, 77.0905373 28.4431813, 77.0887455 28.4465303, 77.0876834 28.4491056, 77.0877368 28.4498441))",administrative
19,Sector 115,"POLYGON ((77.0013356 28.530984, 77.0016644 28.5334918, 77.0042991 28.5378845, 77.0045632 28.5388005, 77.0054602 28.5394958, 77.0069243 28.5402159, 77.007818 28.5409048, 77.0096859 28.539869, 77.0101934 28.5402687, 77.0122093 28.5400104, 77.0128497 28.5402697, 77.0132608 28.5383874, 77.0050158 28.5289423, 77.0016511 28.5308084, 77.0013356 28.530984))",administrative
20,Sector 114,"POLYGON ((77.0050158 28.5289423, 77.0132608 28.5383874, 77.0128497 28.5402697, 77.0134571 28.5405156, 77.0140944 28.5399982, 77.0162809 28.5392112, 77.0174236 28.537688, 77.0197006 28.536218, 77.0185792 28.5348138, 77.0105771 28.5257745, 77.0096001 28.526641, 77.0084757 28.5270284, 77.0050158 28.5289423))",administrative
21,Sector 111,"POLYGON ((77.0251671 28.5206665, 77.0340512 28.5300656, 77.0345078 28.5298263, 77.034625 28.529765, 77.0356102 28.5292571, 77.0356349 28.5292442, 77.0417144 28.5260711, 77.0424046 28.5256984, 77.0326049 28.5144708, 77.0251671 28.5206665))",administrative
22,Sector 101,"POLYGON ((76.9717224 28.4678764, 76.9798971 28.4747665, 76.9808303 28.4755644, 76.9898798 28.4686072, 76.9887947 28.4679944, 76.9881219 28.4676144, 76.9792772 28.462619, 76.9717224 28.4678764))",administrative
23,Sector 102,"POLYGON ((76.9607315 28.4705733, 76.9642444 28.4765902, 76.9654443 28.4787172, 76.9665067 28.4806004, 76.9692444 28.4860356, 76.9748588 28.4809606, 76.9808303 28.4755644, 76.9798971 28.4747665, 76.9717224 28.4678764, 76.9709905 28.4684865, 76.9689955 28.4701492, 76.9687397 28.4702945, 76.9684729 28.4703766, 76.9649987 28.4703475, 76.9607315 28.4705733))",administrative
24,Sector 102A,"POLYGON ((76.9692444 28.4860356, 76.9720448 28.4914468, 76.9734664 28.490094, 76.9745038 28.4891069, 76.9777595 28.4865896, 76.9832406 28.4847617, 76.9877826 28.4817885, 76.9870632 28.4811977, 76.9808303 28.4755644, 76.9748588 28.4809606, 76.9692444 28.4860356))",administrative
25,Sector 103,"POLYGON ((76.9720448 28.4914468, 76.9762078 28.4984432, 76.979788 28.501845, 76.9854207 28.5071706, 76.9897562 28.5047863, 76.993081 28.5026631, 76.9958867 28.4995722, 76.9958932 28.49571, 76.9994099 28.4931639, 76.9877826 28.4817885, 76.9832406 28.4847617, 76.9777595 28.4865896, 76.9745038 28.4891069, 76.9734664 28.490094, 76.9720448 28.4914468))",administrative
26,Sector 104,"POLYGON ((76.9808303 28.4755644, 76.9870632 28.4811977, 76.9877826 28.4817885, 76.9994099 28.4931639, 77.0047802 28.4881926, 77.007736 28.4865452, 77.0085706 28.4858551, 76.9997428 28.4754929, 76.9972731 28.4731437, 76.9950629 28.4713895, 76.9918743 28.469506, 76.9898798 28.4686072, 76.9808303 28.4755644))",administrative
27,Sector 105,"POLYGON ((76.9994099 28.4931639, 77.0054715 28.4985554, 77.0073952 28.5005469, 77.008175 28.5013412, 77.0094096 28.5005242, 77.0165107 28.4953561, 77.0146077 28.4930791, 77.0109259 28.4886735, 77.0085706 28.4858551, 77.007736 28.4865452, 77.0047802 28.4881926, 76.9994099 28.4931639))",administrative
28,Sector 107,"POLYGON ((76.9620491 28.5115276, 76.9706359 28.5157991, 76.975992 28.512758, 76.9797011 28.510739, 76.9805237 28.5102258, 76.9854207 28.5071706, 76.979788 28.501845, 76.9762078 28.4984432, 76.9648243 28.509661, 76.9620491 28.5115276))",administrative
29,Sector 106,"POLYGON ((76.9860482 28.5076491, 76.9872633 28.5082695, 76.9910439 28.5105074, 76.9923118 28.5124632, 76.9954418 28.5144465, 76.9979303 28.5119471, 76.998892 28.5109554, 77.0036095 28.50612, 77.0049479 28.5047628, 77.008175 28.5013412, 77.0073952 28.5005469, 77.0054715 28.4985554, 76.9994099 28.4931639, 76.9958932 28.49571, 76.9958867 28.4995722, 76.993081 28.5026631, 76.9897562 28.5047863, 76.9854207 28.5071706, 76.9860482 28.5076491), (76.9954371 28.5144223, 76.9948373 28.5139829, 76.9968216 28.5119795, 76.9979086 28.5119564, 76.9954371 28.5144223))",administrative
30,Sector 109,"MULTIPOLYGON (((76.9979086 28.5119564, 76.9968216 28.5119795, 76.9948373 28.5139829, 76.9954371 28.5144223, 76.9979086 28.5119564)), ((76.9954418 28.5144465, 76.9991059 28.5178978, 76.9990202 28.5184844, 76.9999924 28.5179713, 77.0027227 28.5172931, 77.0059192 28.5158559, 77.0067265 28.515635, 77.0070407 28.515549, 77.0085304 28.5151415, 77.0100507 28.5147255, 77.010493 28.5151221, 77.0105264 28.5151521, 77.0108262 28.5154209, 77.0116413 28.5161518, 77.0125525 28.5169683, 77.0139811 28.5161177, 77.0165929 28.5145574, 77.0186166 28.5133462, 77.0165098 28.5107002, 77.0156032 28.5097268, 77.0122796 28.5063038, 77.008175 28.5013412, 77.0049479 28.5047628, 77.0036095 28.50612, 76.998892 28.5109554, 76.9979303 28.5119471, 76.9954418 28.5144465)))",administrative
31,Sector 108,"POLYGON ((76.9706359 28.5157991, 76.9760102 28.5189385, 76.9783615 28.5212528, 76.9802327 28.5198029, 76.9812139 28.5191174, 76.9832794 28.5170355, 76.983382 28.5169891, 76.9909463 28.5135677, 76.9945276 28.5176083, 76.9953859 28.5171445, 76.9959691 28.5180316, 76.9968081 28.5197112, 76.9990202 28.5184844, 76.9991059 28.5178978, 76.9954418 28.5144465, 76.9923118 28.5124632, 76.9910439 28.5105074, 76.9872633 28.5082695, 76.9860482 28.5076491, 76.9854207 28.5071706, 76.9805237 28.5102258, 76.9797011 28.510739, 76.975992 28.512758, 76.9706359 28.5157991))",administrative
32,Sector 110,"POLYGON ((77.008175 28.5013412, 77.0122796 28.5063038, 77.0156032 28.5097268, 77.0165098 28.5107002, 77.0186166 28.5133462, 77.0234394 28.5187849, 77.0248151 28.5145133, 77.025258 28.5130918, 77.0253975 28.5126548, 77.0254104 28.5126143, 77.0254531 28.5124925, 77.0254873 28.5123811, 77.0255145 28.5122734, 77.0256752 28.5117855, 77.0266538 28.5085899, 77.0269322 28.5078503, 77.0251016 28.5055276, 77.0246723 28.5050072, 77.0181865 28.4973408, 77.0165107 28.4953561, 77.0094096 28.5005242, 77.008175 28.5013412))",administrative
33,Sector 110A,"POLYGON ((77.0234394 28.5187849, 77.0251671 28.5206665, 77.0326049 28.5144708, 77.0269322 28.5078503, 77.0266538 28.5085899, 77.0256752 28.5117855, 77.0255145 28.5122734, 77.0254873 28.5123811, 77.0254531 28.5124925, 77.0254104 28.5126143, 77.0253975 28.5126548, 77.025258 28.5130918, 77.0248151 28.5145133, 77.0234394 28.5187849))",administrative
34,Sector 112,"POLYGON ((77.0105771 28.5257745, 77.0185792 28.5348138, 77.0206217 28.5286783, 77.021116 28.5271935, 77.0212491 28.5266786, 77.021411 28.5260523, 77.022514 28.5217849, 77.0234394 28.5187849, 77.0186166 28.5133462, 77.0165929 28.5145574, 77.0139811 28.5161177, 77.0125525 28.5169683, 77.012884 28.5172777, 77.0144723 28.518757, 77.0169637 28.5210774, 77.0146291 28.5243485, 77.0109551 28.5254602, 77.0105771 28.5257745))",administrative
35,Sector 113,"POLYGON ((77.0185792 28.5348138, 77.0197006 28.536218, 77.0217025 28.5349596, 77.0219253 28.5347748, 77.0232547 28.5335616, 77.0245904 28.5327132, 77.0297824 28.5317014, 77.0298669 28.5316849, 77.0321199 28.5310788, 77.0340512 28.5300656, 77.0251671 28.5206665, 77.0234394 28.5187849, 77.022514 28.5217849, 77.021411 28.5260523, 77.0212491 28.5266786, 77.021116 28.5271935, 77.0206217 28.5286783, 77.0185792 28.5348138))",administrative
36,Sector 1,"POLYGON ((77.0326049 28.5144708, 77.0424046 28.5256984, 77.0431514 28.5252371, 77.0433583 28.5251547, 77.0433705 28.5241645, 77.0446105 28.5230838, 77.0485082 28.52092, 77.0462065 28.5166427, 77.0449278 28.5139512, 77.0447952 28.5136812, 77.0433931 28.5120836, 77.0422628 28.5107696, 77.0417925 28.5101533, 77.0403999 28.5106473, 77.0383299 28.5122747, 77.0355656 28.5141778, 77.03461 28.5148941, 77.0326049 28.5144708))",administrative
37,Sector 2,"POLYGON ((77.0246723 28.5050072, 77.0251016 28.5055276, 77.0269322 28.5078503, 77.0326049 28.5144708, 77.03461 28.5148941, 77.0355656 28.5141778, 77.0383299 28.5122747, 77.0403999 28.5106473, 77.0417925 28.5101533, 77.0404125 28.5085831, 77.0394542 28.5074926, 77.0389255 28.5068926, 77.0386085 28.5065152, 77.0380976 28.505907, 77.0373702 28.5050368, 77.0362827 28.5037144, 77.036134 28.5035748, 77.036036 28.5035686, 77.0358487 28.5035567, 77.0350815 28.5035081, 77.0337888 28.5034954, 77.0328757 28.5034864, 77.0317307 28.5033219, 77.0313775 28.5032711, 77.0299593 28.5028198, 77.0287828 28.5021117, 77.028583 28.5023417, 77.0246723 28.5050072))",administrative
38,Sector 3,"POLYGON ((77.0109259 28.4886735, 77.0146077 28.4930791, 77.0165107 28.4953561, 77.0181865 28.4973408, 77.0246723 28.5050072, 77.028583 28.5023417, 77.0287828 28.5021117, 77.0276614 28.5012252, 77.0275848 28.5011891, 77.0271299 28.5008401, 77.0265895 28.5004621, 77.0261739 28.5002066, 77.0250318 28.4993556, 77.0247275 28.4990952, 77.0236939 28.4984019, 77.023048 28.4979102, 77.0224956 28.4972934, 77.0222133 28.4969782, 77.0215741 28.4961561, 77.0208937 28.4952809, 77.0203143 28.4945172, 77.0200421 28.4938902, 77.0197718 28.492776, 77.0196937 28.4918752, 77.0196641 28.4909381, 77.0197086 28.4905109, 77.0197199 28.4904021, 77.0197736 28.4893743, 77.0198358 28.4884487, 77.0197414 28.4854609, 77.0182265 28.4847522, 77.0159596 28.4812152, 77.0145164 28.4807364, 77.0125245 28.4851382, 77.0109952 28.4885202, 77.0109259 28.4886735))",administrative
39,Sector 3A,"POLYGON ((76.9997428 28.4754929, 77.0085706 28.4858551, 77.0109259 28.4886735, 77.0109952 28.4885202, 77.0125245 28.4851382, 77.0145164 28.4807364, 77.0019787 28.4764407, 76.9997428 28.4754929))",administrative
40,Sector 4,"POLYGON ((77.0019787 28.4764407, 77.0145164 28.4807364, 77.0179221 28.4736808, 77.0112368 28.4710876, 77.0054286 28.4688345, 77.0019787 28.4764407))",administrative
41,Sector 9A,"POLYGON ((76.9881219 28.4676144, 76.9887947 28.4679944, 76.9898798 28.4686072, 76.9918743 28.469506, 76.9950629 28.4713895, 76.9972731 28.4731437, 76.9997428 28.4754929, 77.0019787 28.4764407, 77.0054286 28.4688345, 76.9899699 28.4634896, 76.9881219 28.4676144))",administrative
42,Sector 5,"POLYGON ((77.0145164 28.4807364, 77.0159596 28.4812152, 77.0182265 28.4847522, 77.0197414 28.4854609, 77.023387 28.4814427, 77.0179221 28.4736808, 77.0145164 28.4807364))",administrative
43,Sector 6,"POLYGON ((77.0179221 28.4736808, 77.023387 28.4814427, 77.0252539 28.4805751, 77.0274211 28.4799715, 77.030275 28.4792926, 77.0320237 28.4787385, 77.0311118 28.4766142, 77.0297814 28.4746904, 77.0296069 28.4743603, 77.0290733 28.4733511, 77.0279168 28.4702681, 77.0267023 28.4677037, 77.0231263 28.4702426, 77.0221822 28.4708631, 77.0179221 28.4736808))",administrative
44,Sector 7,"POLYGON ((77.0054286 28.4688345, 77.0112368 28.4710876, 77.0179221 28.4736808, 77.0221822 28.4708631, 77.0231263 28.4702426, 77.0218517 28.4694042, 77.0216179 28.4691939, 77.0207435 28.4667789, 77.0205224 28.4664031, 77.0187962 28.4632773, 77.0178941 28.4603238, 77.0178518 28.4602182, 77.0172995 28.4588395, 77.0157669 28.4570389, 77.0130315 28.457042, 77.0126817 28.4570424, 77.0110296 28.4571011, 77.0108667 28.4573918, 77.0054286 28.4688345))",administrative
45,Sector 20,"POLYGON ((77.0746225 28.5119073, 77.0749677 28.5125409, 77.0769495 28.5145122, 77.0781524 28.5157087, 77.0787666 28.5162284, 77.0795515 28.5169518, 77.0800435 28.5175646, 77.0804111 28.5180224, 77.0827494 28.5170898, 77.0830606 28.5169698, 77.0840906 28.5166587, 77.0846262 28.5164992, 77.0859574 28.5161025, 77.0925943 28.5142311, 77.092899 28.5121524, 77.0932423 28.5109928, 77.095482 28.5069595, 77.0951239 28.5051167, 77.0930397 28.502044, 77.0930223 28.5020237, 77.0919011 28.5010754, 77.0916743 28.5009315, 77.0911395 28.5012251, 77.083368 28.506939, 77.07916 28.5100327, 77.0774536 28.5112873, 77.0764205 28.511393, 77.0763485 28.5114004, 77.0761245 28.5114603, 77.0746225 28.5119073))",administrative
46,Sector 21,"POLYGON ((77.06641 28.5114759, 77.0671624 28.5119289, 77.067616 28.5129745, 77.0688651 28.5145822, 77.0709886 28.5170499, 77.0713662 28.5175938, 77.0720942 28.5193619, 77.0722213 28.5201457, 77.0723002 28.5202589, 77.073365 28.5195071, 77.0744668 28.5189307, 77.0747744 28.5188088, 77.075014 28.5187138, 77.0774387 28.5184405, 77.0791964 28.5181891, 77.079283 28.5181781, 77.0804111 28.5180224, 77.0800435 28.5175646, 77.0795515 28.5169518, 77.0787666 28.5162284, 77.0781524 28.5157087, 77.0769495 28.5145122, 77.0749677 28.5125409, 77.0746225 28.5119073, 77.074278 28.5111214, 77.0740678 28.5104203, 77.0714703 28.5067703, 77.0691332 28.5086919, 77.06641 28.5114759))",administrative
47,Sector 10,"POLYGON ((76.9972285 28.4483074, 76.9991994 28.4491782, 77.0027691 28.4509323, 77.0028088 28.4509119, 77.0047874 28.4498314, 77.0051289 28.4496326, 77.007101 28.4485452, 77.0077643 28.4482209, 77.0084704 28.4478754, 77.0129637 28.4456778, 77.0140637 28.4451108, 77.0175083 28.4439405, 77.0144701 28.4410997, 77.0101187 28.4358808, 77.009322 28.436365, 77.0074539 28.4375406, 77.0060488 28.4383915, 77.0022039 28.4411764, 77.0009331 28.4425741, 77.0001506 28.4434109, 76.9995911 28.4440701, 76.9982421 28.4464881, 76.9972285 28.4483074))",administrative
48,Sector 11,"POLYGON ((77.0129637 28.4456778, 77.0210127 28.4544174, 77.0213848 28.4548249, 77.0237025 28.4573634, 77.0250801 28.4581859, 77.026449 28.4593446, 77.0284743 28.4564128, 77.0332813 28.4462929, 77.0335045 28.4459031, 77.0336801 28.4455947, 77.0320366 28.4453475, 77.0284961 28.4463475, 77.0239042 28.4477248, 77.0223807 28.4478757, 77.0215224 28.4477625, 77.0204495 28.4472531, 77.0195268 28.4463664, 77.0175083 28.4439405, 77.0140637 28.4451108, 77.0129637 28.4456778))",administrative
49,Sector 33,"POLYGON ((77.0101187 28.4358808, 77.0144701 28.4410997, 77.0175083 28.4439405, 77.0195268 28.4463664, 77.0204495 28.4472531, 77.0215224 28.4477625, 77.0223807 28.4478757, 77.0239042 28.4477248, 77.0284961 28.4463475, 77.0320366 28.4453475, 77.0336801 28.4455947, 77.0344062 28.4394779, 77.0344439 28.4391863, 77.034585 28.438225, 77.0347588 28.4373636, 77.0351195 28.4359235, 77.0353788 28.4352673, 77.0357812 28.433805, 77.0360441 28.4320391, 77.0362608 28.4311211, 77.0363093 28.4309601, 77.0367248 28.4295804, 77.0368346 28.4292604, 77.0370191 28.428612, 77.0362669 28.4284369, 77.0267289 28.4262539, 77.0254603 28.4262264, 77.0244887 28.4263441, 77.0220132 28.427718, 77.0211742 28.4286518, 77.0202659 28.4292708, 77.0186003 28.4302654, 77.0185663 28.4302836, 77.0171298 28.4312509, 77.0166281 28.4316096, 77.0165188 28.4316848, 77.0141524 28.4332276, 77.0101187 28.4358808))",administrative
50,Sector 15-I,"POLYGON ((77.035889 28.4460043, 77.0348869 28.4467601, 77.0342908 28.447861, 77.0337628 28.4494138, 77.0336353 28.4505825, 77.0337914 28.4515354, 77.0343665 28.4528334, 77.0349501 28.4535036, 77.0361227 28.4542468, 77.0369123 28.4549637, 77.0376029 28.4558262, 77.0419032 28.4518372, 77.0378856 28.4476077, 77.035889 28.4460043))",administrative
51,Sector 15-II,"POLYGON ((77.0376029 28.4558262, 77.0391319 28.4574073, 77.0419536 28.4611991, 77.0434986 28.463161, 77.0457731 28.4654812, 77.0473091 28.4668077, 77.0504737 28.4645254, 77.0506253 28.4644161, 77.0520387 28.4633968, 77.0528316 28.4628761, 77.0497732 28.4595874, 77.0419032 28.4518372, 77.0376029 28.4558262))",administrative
52,Sector 16,"POLYGON ((77.0439461 28.4684192, 77.0458308 28.4697483, 77.0485234 28.4707445, 77.0485843 28.470762, 77.0492354 28.4710512, 77.050005 28.471356, 77.0512071 28.4717616, 77.0524742 28.4722068, 77.0535205 28.4726016, 77.0554358 28.4734241, 77.0562147 28.4724471, 77.0567859 28.4712628, 77.0570138 28.4703021, 77.0571194 28.4692788, 77.0574099 28.4687352, 77.053243 28.4634025, 77.0528316 28.4628761, 77.0520387 28.4633968, 77.0506253 28.4644161, 77.0504737 28.4645254, 77.0473091 28.4668077, 77.0439461 28.4684192))",administrative
53,Sector 12A,"POLYGON ((77.0267023 28.4677037, 77.0279168 28.4702681, 77.0290733 28.4733511, 77.0296069 28.4743603, 77.0302433 28.4738979, 77.0378622 28.4683624, 77.033792 28.4638508, 77.032266 28.4629231, 77.0317148 28.4626096, 77.0267023 28.4677037))",administrative
54,Sector 13,"POLYGON ((77.0296069 28.4743603, 77.0297814 28.4746904, 77.0311118 28.4766142, 77.0320237 28.4787385, 77.0329241 28.4785311, 77.0342244 28.478333, 77.0358552 28.4784462, 77.0378937 28.4788611, 77.0409922 28.4797948, 77.0425715 28.4804077, 77.0447602 28.4809547, 77.0473136 28.48153, 77.0494004 28.4814748, 77.0490452 28.4809201, 77.0463887 28.4778778, 77.0429769 28.47403, 77.0378622 28.4683624, 77.0302433 28.4738979, 77.0296069 28.4743603))",administrative
55,Sector 8,"POLYGON ((77.0027691 28.4509323, 77.0032404 28.4511207, 77.0044635 28.4513094, 77.0059556 28.4517094, 77.009034 28.4530451, 77.0102356 28.4532148, 77.0113514 28.4534035, 77.0132826 28.4541959, 77.0141624 28.4550259, 77.0149778 28.4563842, 77.0157669 28.4570389, 77.0172995 28.4588395, 77.0178518 28.4602182, 77.0178941 28.4603238, 77.0187962 28.4632773, 77.0205224 28.4664031, 77.0207435 28.4667789, 77.0226489 28.4630057, 77.026449 28.4593446, 77.0250801 28.4581859, 77.0237025 28.4573634, 77.0213848 28.4548249, 77.0210127 28.4544174, 77.0129637 28.4456778, 77.0084704 28.4478754, 77.0077643 28.4482209, 77.007101 28.4485452, 77.0051289 28.4496326, 77.0047874 28.4498314, 77.0028088 28.4509119, 77.0027691 28.4509323))",administrative
56,Sector 12,"POLYGON ((77.0207435 28.4667789, 77.0216179 28.4691939, 77.0218517 28.4694042, 77.0231263 28.4702426, 77.0267023 28.4677037, 77.0317148 28.4626096, 77.0277451 28.4604402, 77.026449 28.4593446, 77.0226489 28.4630057, 77.0207435 28.4667789))",administrative
57,Sector 100,"POLYGON ((76.9612774 28.4524808, 76.9652814 28.4595628, 76.9685001 28.4643543, 76.9717224 28.4678764, 76.9792772 28.462619, 76.9792533 28.4625522, 76.9776032 28.4615642, 76.9623868 28.4530169, 76.9612774 28.4524808))",administrative
58,Sector 22,"POLYGON ((77.0575714 28.5025964, 77.0617448 28.508345, 77.06241 28.5090521, 77.0627451 28.509366, 77.06641 28.5114759, 77.0691332 28.5086919, 77.0714703 28.5067703, 77.0687536 28.5036859, 77.0680704 28.5028326, 77.0679263 28.5026653, 77.0633194 28.4970534, 77.0575714 28.5025964))",administrative
59,Sector 23,"POLYGON ((77.0417925 28.5101533, 77.0422628 28.5107696, 77.0433931 28.5120836, 77.0447952 28.5136812, 77.0449278 28.5139512, 77.0462065 28.5166427, 77.0491721 28.5160453, 77.0543531 28.5143512, 77.0575428 28.5128211, 77.0577011 28.5127924, 77.0606606 28.5122555, 77.0612165 28.512224, 77.0633996 28.5126665, 77.0645251 28.5126891, 77.0653494 28.5125045, 77.0671624 28.5119289, 77.06641 28.5114759, 77.0627451 28.509366, 77.06241 28.5090521, 77.0617448 28.508345, 77.0575714 28.5025964, 77.0565635 28.5033785, 77.0556084 28.5039841, 77.05373 28.5051731, 77.0532711 28.5054636, 77.0508529 28.5069954, 77.0450581 28.5090148, 77.0417925 28.5101533))",administrative
60,Sector 23A,"POLYGON ((77.0362827 28.5037144, 77.0373702 28.5050368, 77.0380976 28.505907, 77.0386085 28.5065152, 77.0389255 28.5068926, 77.0394542 28.5074926, 77.0404125 28.5085831, 77.0417925 28.5101533, 77.0450581 28.5090148, 77.0508529 28.5069954, 77.0532711 28.5054636, 77.05373 28.5051731, 77.0556084 28.5039841, 77.0565635 28.5033785, 77.0575714 28.5025964, 77.0565946 28.5021627, 77.0552525 28.5021765, 77.0520594 28.502211, 77.0477944 28.5024564, 77.0473163 28.5024164, 77.0457053 28.5024581, 77.0455151 28.5022226, 77.0422132 28.5022631, 77.0422473 28.5028264, 77.0412493 28.5028063, 77.0415961 28.5033763, 77.0362827 28.5037144))",administrative
61,Sector 18,"POLYGON ((77.0587342 28.4873439, 77.0561443 28.4891479, 77.0604882 28.4939341, 77.0633194 28.4970534, 77.0679263 28.5026653, 77.0680704 28.5028326, 77.0687536 28.5036859, 77.0719207 28.5014868, 77.0730631 28.5009648, 77.0753648 28.5006701, 77.0765737 28.5005817, 77.079202 28.5008834, 77.0856701 28.4958522, 77.0862237 28.4950144, 77.0711389 28.4797906, 77.07042 28.47911, 77.0620074 28.4850655, 77.0587342 28.4873439))",administrative
62,Sector 19,"POLYGON ((77.0687536 28.5036859, 77.0714703 28.5067703, 77.0740678 28.5104203, 77.074278 28.5111214, 77.0746225 28.5119073, 77.0761245 28.5114603, 77.0763485 28.5114004, 77.0764205 28.511393, 77.0774536 28.5112873, 77.07916 28.5100327, 77.083368 28.506939, 77.0911395 28.5012251, 77.0916743 28.5009315, 77.0893749 28.4984433, 77.0880312 28.4969849, 77.0864238 28.4952403, 77.0862237 28.4950144, 77.0856701 28.4958522, 77.079202 28.5008834, 77.0765737 28.5005817, 77.0753648 28.5006701, 77.0730631 28.5009648, 77.0719207 28.5014868, 77.0687536 28.5036859))",administrative
63,Sector 30,"POLYGON ((77.0497732 28.4595874, 77.0528316 28.4628761, 77.053243 28.4634025, 77.0574099 28.4687352, 77.0579091 28.4682387, 77.0584506 28.4679719, 77.0591825 28.4676332, 77.0605008 28.4666382, 77.0639896 28.4639585, 77.0627821 28.4627296, 77.0606103 28.4605194, 77.0559905 28.4558177, 77.0551782 28.4563328, 77.0531088 28.4570036, 77.0502337 28.4591683, 77.0497732 28.4595874))",administrative
64,Sector 41,"POLYGON ((77.0559905 28.4558177, 77.0606103 28.4605194, 77.0627821 28.4627296, 77.0639896 28.4639585, 77.0684497 28.4605473, 77.0716604 28.4580915, 77.0665475 28.4521716, 77.0640544 28.4500074, 77.0582901 28.4541334, 77.0566718 28.455305, 77.0559905 28.4558177))",administrative
65,Sector 31,"POLYGON ((77.0419032 28.4518372, 77.0497732 28.4595874, 77.0502337 28.4591683, 77.0531088 28.4570036, 77.0551782 28.4563328, 77.0559905 28.4558177, 77.0566718 28.455305, 77.0508629 28.4491446, 77.0476423 28.4462503, 77.0419032 28.4518372))",administrative
66,Sector 40,"POLYGON ((77.0508629 28.4491446, 77.0566718 28.455305, 77.0582901 28.4541334, 77.0640544 28.4500074, 77.0609578 28.4467663, 77.0581972 28.4438734, 77.0571439 28.444721, 77.0561139 28.4462304, 77.0541613 28.4466455, 77.0537517 28.4469731, 77.0522441 28.4481401, 77.0508629 28.4491446))",administrative
67,Sector 32,"POLYGON ((77.035889 28.4460043, 77.0378856 28.4476077, 77.0419032 28.4518372, 77.0476423 28.4462503, 77.0470802 28.4461172, 77.0414743 28.4404721, 77.0371525 28.4437359, 77.0367344 28.4444865, 77.035889 28.4460043))",administrative
68,Sector 39,"POLYGON ((77.0414743 28.4404721, 77.0470802 28.4461172, 77.0476423 28.4462503, 77.0508629 28.4491446, 77.0522441 28.4481401, 77.0537517 28.4469731, 77.0541613 28.4466455, 77.0561139 28.4462304, 77.0571439 28.444721, 77.0581972 28.4438734, 77.0560453 28.4414038, 77.0492887 28.4346743, 77.0492095 28.4347332, 77.0485202 28.4352458, 77.0480006 28.4356259, 77.0429789 28.4393558, 77.0414743 28.4404721))",administrative
69,Sector 38,"POLYGON ((77.0336801 28.4455947, 77.0349097 28.4457251, 77.035889 28.4460043, 77.0367344 28.4444865, 77.0371525 28.4437359, 77.0414743 28.4404721, 77.0429789 28.4393558, 77.0480006 28.4356259, 77.0485202 28.4352458, 77.0492095 28.4347332, 77.0492887 28.4346743, 77.0462121 28.4315046, 77.0452973 28.4305621, 77.0433202 28.4300964, 77.0370191 28.428612, 77.0368346 28.4292604, 77.0367248 28.4295804, 77.0363093 28.4309601, 77.0362608 28.4311211, 77.0360441 28.4320391, 77.0357812 28.433805, 77.0353788 28.4352673, 77.0351195 28.4359235, 77.0347588 28.4373636, 77.034585 28.438225, 77.0344439 28.4391863, 77.0344062 28.4394779, 77.0336801 28.4455947))",administrative
70,Sector 46,"POLYGON ((77.0492887 28.4346743, 77.0560453 28.4414038, 77.0581972 28.4438734, 77.0623178 28.4408105, 77.0625573 28.4406232, 77.0628643 28.440383, 77.063213 28.4401096, 77.0673151 28.4368753, 77.0617294 28.4310886, 77.0594335 28.4287147, 77.0585822 28.427848, 77.0584137 28.4276614, 77.0581058 28.4278736, 77.0579916 28.4279455, 77.04983 28.4342835, 77.0493527 28.4346236, 77.0492887 28.4346743))",administrative
71,Sector 44,"POLYGON ((77.0665475 28.4521716, 77.0716604 28.4580915, 77.0741115 28.4588488, 77.0742953 28.4543264, 77.0783132 28.4485864, 77.0785694 28.4482161, 77.0794759 28.4473152, 77.0768903 28.4459349, 77.0759032 28.445991, 77.0740557 28.4478814, 77.0724405 28.4486263, 77.0718253 28.44891, 77.069658 28.4499095, 77.0694092 28.4500905, 77.0665475 28.4521716))",administrative
72,Sector 51,"POLYGON ((77.0572988 28.4265483, 77.0584137 28.4276614, 77.0585822 28.427848, 77.0594335 28.4287147, 77.0617294 28.4310886, 77.0673151 28.4368753, 77.067747 28.4365532, 77.0716523 28.4335698, 77.0726336 28.4328178, 77.0754687 28.4306451, 77.0726514 28.427971, 77.0648143 28.4205318, 77.0572988 28.4265483))",administrative
73,Sector 52,"POLYGON ((77.0679422 28.4375744, 77.0750649 28.4451105, 77.0759032 28.445991, 77.0768903 28.4459349, 77.0794759 28.4473152, 77.0806293 28.4463884, 77.0812837 28.4458395, 77.0834464 28.4437731, 77.0837952 28.443534, 77.084469 28.4427548, 77.0863124 28.4414772, 77.0881306 28.4399987, 77.0892083 28.4388676, 77.0897013 28.4381641, 77.090155 28.4371703, 77.0903592 28.4359516, 77.0913054 28.4308836, 77.091248 28.4298979, 77.0853328 28.4296677, 77.0754687 28.4306451, 77.0726336 28.4328178, 77.0716523 28.4335698, 77.067747 28.4365532, 77.0673151 28.4368753, 77.0679422 28.4375744), (77.0818379 28.443439, 77.0812747 28.4427417, 77.0824837 28.44202, 77.0828775 28.443149, 77.0818379 28.443439))",administrative
74,Sector 47,"POLYGON ((77.0370191 28.428612, 77.0433202 28.4300964, 77.0452973 28.4305621, 77.0462121 28.4315046, 77.0492887 28.4346743, 77.0493527 28.4346236, 77.04983 28.4342835, 77.0579916 28.4279455, 77.0581058 28.4278736, 77.0584137 28.4276614, 77.0572988 28.4265483, 77.0553416 28.4246722, 77.0539989 28.4230073, 77.0535016 28.4224993, 77.0518744 28.4208461, 77.0516033 28.4207281, 77.0512614 28.4205776, 77.0512178 28.4205619, 77.0511153 28.420514, 77.0495217 28.4200624, 77.0453981 28.4189007, 77.0445549 28.4186073, 77.0403237 28.4171357, 77.0376395 28.4263843, 77.0370191 28.428612))",administrative
75,Sector 49,"POLYGON ((77.0403237 28.4171357, 77.0445549 28.4186073, 77.0453981 28.4189007, 77.0495217 28.4200624, 77.0511153 28.420514, 77.0512178 28.4205619, 77.0512614 28.4205776, 77.0516033 28.4207281, 77.0518744 28.4208461, 77.0521811 28.4202635, 77.054682 28.4153672, 77.0550168 28.4146814, 77.0561852 28.4122879, 77.0570819 28.4104509, 77.057882 28.4088119, 77.0580586 28.4084502, 77.0587111 28.4071135, 77.0589847 28.406556, 77.054897 28.4049893, 77.0457015 28.401549, 77.0451378 28.4013861, 77.0448633 28.4013433, 77.0428532 28.4085021, 77.0419513 28.4115607, 77.0403237 28.4171357))",administrative
76,Sector 50,"POLYGON ((77.0518744 28.4208461, 77.0535016 28.4224993, 77.0539989 28.4230073, 77.0553416 28.4246722, 77.0572988 28.4265483, 77.0648143 28.4205318, 77.0658283 28.4197244, 77.0685031 28.4175946, 77.0746581 28.4122793, 77.0736191 28.4118837, 77.0735146 28.4118429, 77.0731214 28.4117043, 77.0589847 28.406556, 77.0587111 28.4071135, 77.0580586 28.4084502, 77.057882 28.4088119, 77.0570819 28.4104509, 77.0561852 28.4122879, 77.0550168 28.4146814, 77.054682 28.4153672, 77.0521811 28.4202635, 77.0518744 28.4208461))",administrative
77,Sector 82,"POLYGON ((76.9509035 28.3955282, 76.952261 28.3960539, 76.9608587 28.3992344, 76.9616097 28.3986548, 76.9631571 28.3964586, 76.9646925 28.3945774, 76.9651398 28.3940356, 76.9674154 28.3916719, 76.9627609 28.3892888, 76.9618181 28.3888061, 76.9597345 28.3877261, 76.9566384 28.3861541, 76.9547605 28.3889852, 76.9533531 28.3911071, 76.9523091 28.392681, 76.9509035 28.3955282))",administrative
78,Sector 82A,"POLYGON ((76.9566384 28.3861541, 76.9597345 28.3877261, 76.9618181 28.3888061, 76.9627609 28.3892888, 76.9674154 28.3916719, 76.9684774 28.3904863, 76.9685171 28.390442, 76.9697842 28.3890274, 76.9708142 28.3878775, 76.9728308 28.386218, 76.972703 28.3859735, 76.9718392 28.3850834, 76.9716055 28.3848622, 76.970547 28.3838833, 76.970258 28.3835879, 76.961396 28.37906, 76.9570308 28.385583, 76.9568236 28.3858926, 76.9567443 28.3859962, 76.9566384 28.3861541))",administrative
79,Sector 83,"POLYGON ((76.9608587 28.3992344, 76.9613005 28.3995048, 76.9625225 28.4001018, 76.9700559 28.4037819, 76.9728238 28.405134, 76.9780273 28.4005379, 76.9825179 28.3961844, 76.9819303 28.3955576, 76.9795262 28.3929931, 76.9789839 28.3925281, 76.975006 28.3883935, 76.9728308 28.386218, 76.9708142 28.3878775, 76.9697842 28.3890274, 76.9685171 28.390442, 76.9684774 28.3904863, 76.9674154 28.3916719, 76.9651398 28.3940356, 76.9646925 28.3945774, 76.9631571 28.3964586, 76.9616097 28.3986548, 76.9608587 28.3992344))",administrative
80,Sector 84,"POLYGON ((76.9547099 28.4120177, 76.9547497 28.4120642, 76.9641227 28.4171845, 76.9677705 28.4104658, 76.9704042 28.40768, 76.9728238 28.405134, 76.9700559 28.4037819, 76.9625225 28.4001018, 76.9613005 28.3995048, 76.9608587 28.3992344, 76.9602997 28.4001996, 76.9595686 28.4024096, 76.9577754 28.4059406, 76.9574996 28.4064838, 76.9563101 28.4088117, 76.9554247 28.4105443, 76.9547099 28.4120177))",administrative
81,Sector 85,"POLYGON ((76.9453919 28.4072042, 76.9454251 28.4073146, 76.9502797 28.4096922, 76.9503489 28.4097286, 76.9511364 28.4101517, 76.9513613 28.4102643, 76.9516046 28.4103861, 76.9529694 28.4111146, 76.9541112 28.4117241, 76.9546094 28.411984, 76.9547099 28.4120177, 76.9554247 28.4105443, 76.9563101 28.4088117, 76.9574996 28.4064838, 76.9577754 28.4059406, 76.9595686 28.4024096, 76.9602997 28.4001996, 76.9608587 28.3992344, 76.952261 28.3960539, 76.9509035 28.3955282, 76.94962 28.3982475, 76.9453919 28.4072042))",administrative
82,Sector 88,"POLYGON ((76.9498559 28.427965, 76.9539776 28.4284659, 76.9557858 28.4280472, 76.9558902 28.4280186, 76.9566025 28.4279229, 76.9577517 28.4279313, 76.9612918 28.4299891, 76.9627 28.42192, 76.9641227 28.4171845, 76.9547497 28.4120642, 76.9547099 28.4120177, 76.952722 28.4185833, 76.9526607 28.4187947, 76.9525872 28.4189918, 76.9498559 28.427965))",administrative
83,Sector 89,"POLYGON ((76.9355611 28.4245277, 76.9374015 28.4251078, 76.9375487 28.4251524, 76.9377113 28.4252016, 76.9389939 28.4255591, 76.9405161 28.426231, 76.9498559 28.427965, 76.9525872 28.4189918, 76.9526607 28.4187947, 76.952722 28.4185833, 76.9547099 28.4120177, 76.9546094 28.411984, 76.9541112 28.4117241, 76.9529694 28.4111146, 76.9516046 28.4103861, 76.9513613 28.4102643, 76.9511364 28.4101517, 76.9503489 28.4097286, 76.9502797 28.4096922, 76.9454251 28.4073146, 76.9453919 28.4072042, 76.941678 28.413561, 76.9412706 28.4142658, 76.9374959 28.4207947, 76.9369233 28.4217639, 76.9355611 28.4245277))",administrative
84,Sector 74A,"POLYGON ((76.9904974 28.4059176, 76.9932792 28.410702, 76.994444 28.4129504, 77.007613 28.4129635, 77.0062662 28.409589, 77.005537 28.4085894, 77.0046285 28.4079685, 77.0034301 28.4069305, 77.0029236 28.4065474, 77.0025086 28.4061325, 77.0021452 28.4057082, 77.0015453 28.4050125, 77.0010017 28.4042588, 77.0002669 28.4029935, 77.0000093 28.4023072, 76.9941706 28.4041009, 76.9904974 28.4059176))",administrative
85,Sector 72,"POLYGON ((77.0233009 28.4200704, 77.0247704 28.4242889, 77.0262518 28.4239391, 77.0315771 28.4215873, 77.0325603 28.4192024, 77.0326121 28.4190473, 77.0335297 28.4163032, 77.0334187 28.4139842, 77.0332255 28.4129179, 77.0334401 28.4123423, 77.033991 28.4103676, 77.0344846 28.4096505, 77.0358929 28.4087302, 77.0367339 28.4081807, 77.0368513 28.4065139, 77.0368948 28.4058969, 77.0375208 28.4053283, 77.0374634 28.4042265, 77.0379677 28.4035282, 77.039055 28.4026859, 77.0399203 28.4025939, 77.0401564 28.4022919, 77.0402781 28.401242, 77.0370084 28.4009707, 77.030875 28.4005528, 77.0307802 28.4030765, 77.0307812 28.4036679, 77.0306943 28.4045398, 77.0305808 28.4052013, 77.0303374 28.4060059, 77.0303359 28.4060107, 77.0301705 28.4065576, 77.0300931 28.4069413, 77.0300862 28.4069965, 77.0297455 28.4082592, 77.0291977 28.4091007, 77.0286977 28.4097464, 77.0284388 28.4101796, 77.0279006 28.4115031, 77.0281718 28.4132995, 77.0285135 28.4159881, 77.0284359 28.4169967, 77.0276144 28.4177028, 77.0259303 28.4185047, 77.0254168 28.4188385, 77.0245587 28.4193107, 77.0233009 28.4200704))",administrative
86,Sector 71,"POLYGON ((77.0160432 28.4008164, 77.0207469 28.4129267, 77.0233009 28.4200704, 77.0245587 28.4193107, 77.0254168 28.4188385, 77.0259303 28.4185047, 77.0276144 28.4177028, 77.0284359 28.4169967, 77.0285135 28.4159881, 77.0281718 28.4132995, 77.0279006 28.4115031, 77.0284388 28.4101796, 77.0286977 28.4097464, 77.0291977 28.4091007, 77.0297455 28.4082592, 77.0300862 28.4069965, 77.0300931 28.4069413, 77.0301705 28.4065576, 77.0303359 28.4060107, 77.0303374 28.4060059, 77.0305808 28.4052013, 77.0306943 28.4045398, 77.0307812 28.4036679, 77.0307802 28.4030765, 77.030875 28.4005528, 77.0234746 28.4006134, 77.0160432 28.4008164))",administrative
87,Sector 72A,"POLYGON ((77.0159279 28.4240826, 77.0202659 28.4292708, 77.0211742 28.4286518, 77.0220132 28.427718, 77.0244887 28.4263441, 77.0254603 28.4262264, 77.0247704 28.4242889, 77.0233009 28.4200704, 77.0196986 28.4220077, 77.0159279 28.4240826))",administrative
88,Sector 73,"POLYGON ((77.0092134 28.4008281, 77.0092837 28.4009686, 77.0094932 28.4013872, 77.009756 28.4019122, 77.0106152 28.4036287, 77.0111553 28.4046987, 77.0116085 28.4046678, 77.0124051 28.4046717, 77.0123961 28.405245, 77.0131865 28.4052449, 77.0131993 28.4057854, 77.0121029 28.4058159, 77.0116947 28.4059308, 77.0162375 28.414912, 77.0196986 28.4220077, 77.0233009 28.4200704, 77.0207469 28.4129267, 77.0160432 28.4008164, 77.0092134 28.4008281))",administrative
89,Sector 74,"POLYGON ((77.0000093 28.4023072, 77.0002669 28.4029935, 77.0010017 28.4042588, 77.0015453 28.4050125, 77.0021452 28.4057082, 77.0025086 28.4061325, 77.0029236 28.4065474, 77.0034301 28.4069305, 77.0046285 28.4079685, 77.005537 28.4085894, 77.0062662 28.409589, 77.007613 28.4129635, 77.0087976 28.4159314, 77.0108877 28.4209609, 77.0120198 28.4211561, 77.0126127 28.421315, 77.0141684 28.4220315, 77.0159279 28.4240826, 77.0196986 28.4220077, 77.0162375 28.414912, 77.0116947 28.4059308, 77.0121029 28.4058159, 77.0131993 28.4057854, 77.0131865 28.4052449, 77.0123961 28.405245, 77.0124051 28.4046717, 77.0116085 28.4046678, 77.0111553 28.4046987, 77.0106152 28.4036287, 77.009756 28.4019122, 77.0094932 28.4013872, 77.0092837 28.4009686, 77.0092134 28.4008281, 77.0000093 28.4023072))",administrative
90,Sector 75A,"POLYGON ((76.9876489 28.4014574, 76.9882769 28.4022007, 76.9904974 28.4059176, 76.9941706 28.4041009, 77.0000093 28.4023072, 76.9989979 28.3914681, 76.9876489 28.4014574))",administrative
91,Sector 34,"POLYGON ((77.0003673 28.4242183, 77.0065073 28.4315906, 77.0101187 28.4358808, 77.0141524 28.4332276, 77.0165188 28.4316848, 77.0166281 28.4316096, 77.0171298 28.4312509, 77.0185663 28.4302836, 77.0186003 28.4302654, 77.0202659 28.4292708, 77.0159279 28.4240826, 77.0141684 28.4220315, 77.0126127 28.421315, 77.0120198 28.4211561, 77.0108877 28.4209609, 77.0003673 28.4242183))",administrative
92,Sector 81,"POLYGON ((76.9358092 28.3880122, 76.9427756 28.3914581, 76.9500215 28.3950422, 76.9509035 28.3955282, 76.9523091 28.392681, 76.9533531 28.3911071, 76.9547605 28.3889852, 76.9566384 28.3861541, 76.9474621 28.3810248, 76.9405244 28.3834246, 76.9384074 28.3853999, 76.9358092 28.3880122))",administrative
93,Sector 86,"POLYGON ((76.9313357 28.4000485, 76.932707 28.4008004, 76.9328558 28.4009799, 76.9373791 28.403221, 76.9374633 28.4032618, 76.9453919 28.4072042, 76.94962 28.3982475, 76.9509035 28.3955282, 76.9500215 28.3950422, 76.9427756 28.3914581, 76.9358092 28.3880122, 76.9313357 28.4000485))",administrative
94,Sector 87,"POLYGON ((76.9192621 28.3937778, 76.9312682 28.4000575, 76.9313357 28.4000485, 76.9358092 28.3880122, 76.9315631 28.3856785, 76.9192621 28.3937778))",administrative
95,Sector 90,"POLYGON ((76.9276849 28.408423, 76.941678 28.413561, 76.9453919 28.4072042, 76.9374633 28.4032618, 76.9373791 28.403221, 76.9328558 28.4009799, 76.932707 28.4008004, 76.9313357 28.4000485, 76.9276481 28.408329, 76.9276849 28.408423))",administrative
96,Sector 91,"POLYGON ((76.9086172 28.4012233, 76.9125796 28.4027379, 76.9133046 28.403015, 76.91591 28.4040109, 76.9167419 28.4043275, 76.9176066 28.4046565, 76.9200977 28.4056045, 76.922579 28.4065308, 76.9244146 28.4072081, 76.9276849 28.408423, 76.9276481 28.408329, 76.9313357 28.4000485, 76.9312682 28.4000575, 76.9192621 28.3937778, 76.9143364 28.3973234, 76.9086172 28.4012233))",administrative
97,Sector 92,"POLYGON ((76.8993916 28.4073552, 76.9106073 28.4128438, 76.9186754 28.4166938, 76.9241277 28.4181216, 76.9276849 28.408423, 76.9244146 28.4072081, 76.922579 28.4065308, 76.9200977 28.4056045, 76.9176066 28.4046565, 76.9167419 28.4043275, 76.91591 28.4040109, 76.9133046 28.403015, 76.9125796 28.4027379, 76.9086172 28.4012233, 76.9071668 28.4021721, 76.8993916 28.4073552))",administrative
98,Sector 93,"POLYGON ((76.9241277 28.4181216, 76.9318075 28.4195246, 76.9374959 28.4207947, 76.9412706 28.4142658, 76.941678 28.413561, 76.9276849 28.408423, 76.9241277 28.4181216))",administrative
99,Sector 94,"POLYGON ((76.9222373 28.4227705, 76.9253702 28.4230724, 76.9318323 28.4240313, 76.9342159 28.4242877, 76.9347698 28.4243853, 76.9355611 28.4245277, 76.9369233 28.4217639, 76.9374959 28.4207947, 76.9318075 28.4195246, 76.9241277 28.4181216, 76.9222373 28.4227705))",administrative
100,Sector 15,"POLYGON ((76.9096825 28.3797241, 76.9098897 28.3867902, 76.919406 28.3818495, 76.9197016 28.381696, 76.9212602 28.3809188, 76.9234356 28.3798095, 76.9240718 28.3794851, 76.9196319 28.379589, 76.9096825 28.3797241))",administrative
101,Sector 9,"POLYGON ((76.8787979 28.3801257, 76.8788102 28.3813718, 76.8790219 28.3871405, 76.8934127 28.3868253, 76.8932719 28.3799132, 76.8787979 28.3801257))",administrative
102,Sector 27,"POLYGON ((77.0881372 28.4680038, 77.0917781 28.4679831, 77.0943485 28.4679685, 77.0939946 28.4675382, 77.0937545 28.4668075, 77.0939916 28.4667844, 77.0940442 28.4663887, 77.0934058 28.4664444, 77.0932537 28.4662696, 77.0931941 28.4661246, 77.0932759 28.465875, 77.0931519 28.465922, 77.0931163 28.4659355, 77.0926861 28.4648895, 77.0926349 28.464874, 77.0922661 28.4648104, 77.092486 28.4640228, 77.0931244 28.4641313, 77.0931706 28.4641467, 77.0946892 28.4635509, 77.095257 28.4631626, 77.0903326 28.4624286, 77.0903067 28.4625208, 77.0890155 28.4651366, 77.0879584 28.4677955, 77.0881372 28.4680038))",administrative
103,Sector 88A,"POLYGON ((76.9486936 28.4385007, 76.9512248 28.4386057, 76.9602483 28.4391412, 76.9602533 28.438598, 76.9605839 28.4356691, 76.9608794 28.4321442, 76.9612918 28.4299891, 76.9577517 28.4279313, 76.9566025 28.4279229, 76.9558902 28.4280186, 76.9557858 28.4280472, 76.9539776 28.4284659, 76.9498559 28.427965, 76.9485789 28.4308809, 76.9498096 28.4310229, 76.9486936 28.4385007))",administrative
104,Sector 61,"POLYGON ((77.0910767 28.4173299, 77.0937117 28.4173275, 77.0948449 28.4173265, 77.097532 28.4172746, 77.1011007 28.4182496, 77.1020214 28.4087268, 77.1023708 28.4048272, 77.1024684 28.4033269, 77.0970321 28.4027132, 77.0935022 28.4023343, 77.0923553 28.4021852, 77.092003 28.4046238, 77.0918756 28.4112549, 77.0912208 28.4131694, 77.0908692 28.4154849, 77.0910767 28.4173299))",administrative
105,Sector 58,"POLYGON ((77.1021139 28.4086456, 77.1020696 28.4091035, 77.1011878 28.418212, 77.1051935 28.4192579, 77.1093901 28.4218505, 77.1155389 28.428181, 77.1152889 28.4234414, 77.1175929 28.4167058, 77.1182005 28.4137488, 77.1112805 28.4115479, 77.1107362 28.411378, 77.1021139 28.4086456))",administrative
106,Sector 62,"POLYGON ((77.0746581 28.4122793, 77.0747173 28.4123036, 77.0795084 28.4140966, 77.0804928 28.4143783, 77.0815928 28.414693, 77.0858068 28.4158987, 77.0879396 28.416509, 77.0896436 28.4169965, 77.0910767 28.4173299, 77.0908692 28.4154849, 77.0912208 28.4131694, 77.0918756 28.4112549, 77.092003 28.4046238, 77.0923553 28.4021852, 77.0887777 28.4013048, 77.0857952 28.4006631, 77.0854609 28.4005912, 77.0847914 28.4004364, 77.0827252 28.3999536, 77.0806463 28.3994718, 77.080579 28.3994698, 77.0792652 28.4019148, 77.0788913 28.402756, 77.0746581 28.4122793))",administrative
107,Sector 66,"POLYGON ((77.0448633 28.4013433, 77.0451378 28.4013861, 77.0457015 28.401549, 77.054897 28.4049893, 77.0589847 28.406556, 77.0624837 28.400296, 77.0631054 28.3992625, 77.0639584 28.3977044, 77.0640126 28.3976108, 77.0659928 28.3939999, 77.0588143 28.3913633, 77.0536166 28.3896851, 77.0532189 28.3895651, 77.0507838 28.3887545, 77.0469032 28.3939229, 77.0463474 28.3960219, 77.0448633 28.4013433))",administrative
108,Sector 70A,"POLYGON ((77.0149239 28.3869211, 77.0153773 28.3868788, 77.0193474 28.3866459, 77.0210884 28.3865552, 77.0256108 28.3865791, 77.0262326 28.3866313, 77.0269014 28.3866874, 77.0271978 28.3867099, 77.0307603 28.3869995, 77.030235 28.3850494, 77.0296616 28.3830468, 77.0289306 28.3821744, 77.0287911 28.382017, 77.0286737 28.3818769, 77.0285297 28.3817869, 77.0283262 28.3816911, 77.0281148 28.3815934, 77.0267891 28.3812237, 77.0237175 28.3805236, 77.0212737 28.3800966, 77.0205587 28.3804099, 77.0179941 28.3814258, 77.0174616 28.3816334, 77.0169754 28.381832, 77.0165189 28.3821093, 77.0161809 28.382846, 77.0159868 28.3833053, 77.0155939 28.3842994, 77.015399 28.3854482, 77.0149239 28.3869211))",administrative
109,Sector 36,"POLYGON ((76.9790143 28.4190339, 76.9887061 28.4303221, 76.9897779 28.4297524, 76.9978002 28.4253474, 76.9991105 28.4247066, 77.0003673 28.4242183, 76.9989108 28.4214685, 76.9984455 28.420532, 76.9983796 28.4204181, 76.9980651 28.4198409, 76.997764 28.4192752, 76.9974978 28.4188105, 76.9974807 28.4188039, 76.996049 28.4162059, 76.994444 28.4129504, 76.9932792 28.410702, 76.9838638 28.4141649, 76.9790143 28.4190339))",administrative
110,Sector 65,"POLYGON ((77.0589847 28.406556, 77.0731214 28.4117043, 77.0735146 28.4118429, 77.0736191 28.4118837, 77.0746581 28.4122793, 77.0788913 28.402756, 77.0792652 28.4019148, 77.080579 28.3994698, 77.0795386 28.3991752, 77.0782193 28.398869, 77.0768351 28.3985477, 77.0711687 28.3961878, 77.0659928 28.3939999, 77.0640126 28.3976108, 77.0639584 28.3977044, 77.0631054 28.3992625, 77.0624837 28.400296, 77.0589847 28.406556))",administrative
111,Sector 37,"POLYGON ((76.9887061 28.4303221, 76.9920539 28.4346049, 76.9924683 28.4351219, 76.9927571 28.4354822, 76.9937 28.4366584, 76.9947346 28.437949, 76.9947336 28.4380677, 76.9970987 28.4410194, 76.9971713 28.4411076, 76.9995911 28.4440701, 77.0001506 28.4434109, 77.0009331 28.4425741, 77.0022039 28.4411764, 77.0060488 28.4383915, 77.0074539 28.4375406, 77.009322 28.436365, 77.0101187 28.4358808, 77.0065073 28.4315906, 77.0003673 28.4242183, 76.9991105 28.4247066, 76.9978002 28.4253474, 76.9897779 28.4297524, 76.9887061 28.4303221))",administrative
112,Sector 37A,"POLYGON ((76.9870163 28.4436303, 76.9878213 28.4440288, 76.9972285 28.4483074, 76.9982421 28.4464881, 76.9995911 28.4440701, 77.0001506 28.4434109, 76.9981861 28.4405277, 76.9970544 28.4389947, 76.9963041 28.4379538, 76.9958824 28.4374456, 76.9947336 28.4380677, 76.9947346 28.437949, 76.9899012 28.4409557, 76.9870163 28.4436303))",administrative
113,Sector 37B,"POLYGON ((76.9746821 28.4379053, 76.9755715 28.4383938, 76.9761979 28.4385266, 76.9761723 28.44003, 76.9761733 28.4420217, 76.976876 28.4424415, 76.9787608 28.4423114, 76.9789737 28.4423811, 76.9791828 28.442445, 76.9814448 28.4419255, 76.9814958 28.4418644, 76.9815458 28.4418023, 76.9817825 28.4419128, 76.9818519 28.4419306, 76.984218 28.4424744, 76.9870163 28.4436303, 76.9899012 28.4409557, 76.9947346 28.437949, 76.9947336 28.4380677, 76.9958824 28.4374456, 76.9953801 28.4367238, 76.9935686 28.4341058, 76.9929694 28.4344349, 76.9897779 28.4297524, 76.9887061 28.4303221, 76.9790143 28.4190339, 76.9762221 28.4241607, 76.974122 28.4280165, 76.9746821 28.4379053))",administrative
114,Sector 37C,"POLYGON ((76.9782526 28.451302, 76.9893295 28.4535376, 76.9937064 28.4544201, 76.9938186 28.4544427, 76.9972285 28.4483074, 76.9878213 28.4440288, 76.9870163 28.4436303, 76.984218 28.4424744, 76.9782526 28.451302))",administrative
115,Sector 37D,"POLYGON ((76.9602483 28.4391412, 76.9602428 28.4397503, 76.9602355 28.4405546, 76.9603024 28.4433543, 76.9606894 28.4463509, 76.9612774 28.4524808, 76.9623868 28.4530169, 76.9776032 28.4615642, 76.9777607 28.461455, 76.9782526 28.451302, 76.984218 28.4424744, 76.9818519 28.4419306, 76.9817825 28.4419128, 76.9815458 28.4418023, 76.9814958 28.4418644, 76.9814448 28.4419255, 76.9791828 28.442445, 76.9789737 28.4423811, 76.9787608 28.4423114, 76.976876 28.4424415, 76.9761733 28.4420217, 76.9761723 28.44003, 76.9761979 28.4385266, 76.9755715 28.4383938, 76.9746821 28.4379053, 76.965093 28.4327895, 76.964933 28.4327041, 76.9612918 28.4299891, 76.9608794 28.4321442, 76.9605839 28.4356691, 76.9602533 28.438598, 76.9602483 28.4391412))",administrative
